Cédula de ciudadania;116309642;Yeison;Barco;15/04/1982;30;Masculino;Cartago;Coomeva
Cédula de ciudadania;134654;Charlie;Parra del Riego;17/12/1987;25;Masculino;Argelia;SaludCoop
Cédula de ciudadania;94282408;Gonzalo;Quesada;08/06/1984;28;Masculino;Ginebra;SaludCoop
Cédula de ciudadania;942574565;Cristian Mauricio;Cifuentes Gonzalez;16/05/1969;43;Masculino;Ansermanuevo;SaludCoop
Cédula de ciudadania;1113309682;Juan Sebastian;Ocampo;10/10/1993;19;Masculino;Caicedonia;SaludCoop
Cédula de ciudadania;9428267887;Gonzalito;Vazquez;04/04/1945;67;Masculino;Calima Darien;SaludCoop
Cédula de ciudadania;29874568;Daniela;Monsalve;06/09/1984;28;Femenino;Andalucía;Comfenalco
Cédula de ciudadania;1113309847;Danna;Quiroga Botero;30/11/1994;18;Femenino;Caicedonia;Compensar
Cédula de ciudadania;94282454;Roberto;Putin;06/09/1975;37;Masculino;Zarzal;Coomeva
Cédula de ciudadania;26548766; Juan;Valdez ;10/08/1984;28;Masculino;Ansermanuevo;SaludCoop
Cédula de ciudadania;55645645;Paola ;Muñoz;20/05/1993;19;Masculino;Sevilla;SaludCoop
Cédula de ciudadania;65465;asdfasdf;adsfadf;21/12/2012;0;Masculino;Sevilla;Compensar
